{
    "e6157efa": {
        "Year": [
            85.80000000000004
        ],
        "IC": [
            248.7478514149243
        ]
    },
    "b101bff4": {
        "Year": [
            324.30000000000047
        ],
        "IC": [
            115.42367719123472
        ]
    },
    "3d4038d2": {
        "Year": [
            115.10000000000001
        ],
        "IC": [
            260.8273316774243
        ]
    },
    "964a9b6c": {
        "Year": [
            293.39999999999975
        ],
        "IC": [
            162.3330328094882
        ]
    }
}