{
    "e6157efa": {
        "Performance": [
            85.80000000000004
        ],
        "Cost": [
            248.7478514149243
        ]
    },
    "b101bff4": {
        "Performance": [
            324.30000000000047
        ],
        "Cost": [
            115.42367719123472
        ]
    },
    "3d4038d2": {
        "Performance": [
            115.10000000000001
        ],
        "Cost": [
            260.8273316774243
        ]
    },
    "964a9b6c": {
        "Performance": [
            293.39999999999975
        ],
        "Cost": [
            162.3330328094882
        ]
    },
    "c32ba275": {
        "Performance": [
            293.70000000000033
        ],
        "Cost": [
            71.63206718545987
        ]
    },
    "1a106c49": {
        "Performance": [
            223.49999999999991
        ],
        "Cost": [
            66.0061558157031
        ]
    },
    "742c7457": {
        "Performance": [
            232.3999999999999
        ],
        "Cost": [
            99.89672683656242
        ]
    },
    "b7f3ca7d": {
        "Performance": [
            309.7000000000004
        ],
        "Cost": [
            230.12694529205802
        ]
    },
    "af00f6b1": {
        "Performance": [
            282.20000000000016
        ],
        "Cost": [
            39.370501275389785
        ]
    },
    "5a88c31a": {
        "Performance": [
            267.10000000000014
        ],
        "Cost": [
            72.13051008288085
        ]
    },
    "71ceabc0": {
        "Performance": [
            285.1
        ],
        "Cost": [
            161.36509872356547
        ]
    }
}